{
  "project_info": {
    "project_number": "983996244941",
    "project_id": "calestechsync",
    "storage_bucket": "calestechsync.appspot.com"
  },
  "client": [
    {
      "client_info": {
        "mobilesdk_app_id": "1:983996244941:android:a44552ca9db4ebe552da84",
        "android_client_info": {
          "package_name": "com.example.gymapp"
        }
      },
      "oauth_client": [],
      "api_key": [
        {
          "current_key": "AIzaSyAA8GSR3ZvUafctJLhw1AaArbhOmIsE1lI"
        }
      ],
      "services": {
        "appinvite_service": {
          "other_platform_oauth_client": []
        }
      }
    }
  ],
  "configuration_version": "1"
}